TIMESTAMP,FRAME_ID,INCIDENT_CLASS,CONFIDENCE_SCORE,ASSOCIATED_TRACK_ID
2026-09-05 15:12:10,2,aimbot_snap,1.0000,N/A
2026-09-05 15:12:10,3,aimbot_snap,1.0000,N/A
2026-09-05 15:12:10,4,aimbot_snap,1.0000,N/A
2026-09-05 15:12:10,5,aimbot_snap,1.0000,N/A
2026-09-05 15:12:10,6,aimbot_snap,1.0000,N/A
2026-09-05 15:12:13,32,aimbot_snap,1.0000,N/A
2026-09-05 15:12:13,38,aimbot_snap,1.0000,N/A
2026-09-05 15:12:13,39,aimbot_snap,1.0000,N/A
2026-09-05 15:12:13,40,aimbot_snap,1.0000,N/A
2026-09-05 15:12:14,42,aimbot_snap,1.0000,N/A
2026-09-05 15:12:14,43,aimbot_snap,1.0000,N/A
2026-09-05 15:12:14,46,aimbot_snap,1.0000,N/A
2026-09-05 15:12:14,49,aimbot_snap,1.0000,N/A
2026-09-05 15:12:14,50,aimbot_snap,1.0000,N/A
2026-09-05 15:12:15,54,aimbot_snap,1.0000,N/A
2026-09-05 15:12:15,55,aimbot_snap,1.0000,N/A
2026-09-05 15:12:15,60,aimbot_snap,1.0000,N/A
2026-09-05 15:12:16,63,aimbot_snap,1.0000,N/A
2026-09-05 15:14:20,2,aimbot_snap,1.0000,N/A
2026-09-05 15:14:20,3,aimbot_snap,1.0000,N/A
2026-09-05 15:14:20,4,aimbot_snap,1.0000,N/A
2026-09-05 15:14:20,5,aimbot_snap,1.0000,N/A
2026-09-05 15:14:20,6,aimbot_snap,1.0000,N/A
2026-09-05 15:14:20,20,aimbot_snap,1.0000,N/A
2026-09-05 15:14:20,21,aimbot_snap,1.0000,N/A
2026-09-05 15:14:20,22,aimbot_snap,1.0000,N/A
2026-09-05 15:14:20,23,aimbot_snap,1.0000,N/A
2026-09-05 15:14:20,24,aimbot_snap,1.0000,N/A
2026-09-05 15:14:20,25,aimbot_snap,1.0000,N/A
2026-09-05 15:14:20,26,aimbot_snap,1.0000,N/A
2026-09-05 15:14:20,48,aimbot_snap,1.0000,N/A
2026-09-05 15:14:20,49,aimbot_snap,1.0000,N/A
2026-09-05 15:14:20,50,aimbot_snap,1.0000,N/A
2026-09-05 15:14:20,52,aimbot_snap,1.0000,N/A
2026-09-05 15:14:20,55,aimbot_snap,1.0000,N/A
2026-09-05 15:14:20,91,aimbot_snap,1.0000,N/A
2026-09-05 15:14:20,92,aimbot_snap,1.0000,N/A
2026-09-05 15:14:20,95,aimbot_snap,1.0000,N/A
2026-09-05 15:14:20,98,aimbot_snap,1.0000,N/A
2026-09-05 15:14:20,105,aimbot_snap,1.0000,N/A
2026-09-05 15:14:20,106,aimbot_snap,1.0000,N/A
2026-09-05 15:14:20,111,aimbot_snap,1.0000,N/A
2026-09-05 15:14:20,114,aimbot_snap,1.0000,N/A
2026-09-05 15:14:20,115,aimbot_snap,1.0000,N/A
2026-09-05 15:14:20,116,aimbot_snap,1.0000,N/A
2026-09-05 15:14:20,117,aimbot_snap,1.0000,N/A
2026-09-05 15:14:20,118,aimbot_snap,1.0000,N/A
2026-09-05 15:14:20,119,aimbot_snap,1.0000,N/A
2026-09-05 15:14:20,121,aimbot_snap,1.0000,N/A
2026-09-05 15:14:20,122,aimbot_snap,1.0000,N/A
2026-09-05 15:14:20,124,aimbot_snap,1.0000,N/A
2026-09-05 15:14:20,128,aimbot_snap,1.0000,N/A
2026-09-05 15:14:20,129,aimbot_snap,1.0000,N/A
2026-09-05 15:14:20,130,aimbot_snap,1.0000,N/A
2026-09-05 15:14:20,135,aimbot_snap,1.0000,N/A
2026-09-05 15:14:20,136,aimbot_snap,1.0000,N/A
2026-09-05 15:14:20,137,aimbot_snap,1.0000,N/A
2026-09-05 15:14:20,138,aimbot_snap,1.0000,N/A
2026-09-05 15:14:20,140,aimbot_snap,1.0000,N/A
2026-09-05 15:14:20,156,aimbot_snap,1.0000,N/A
2026-09-05 15:14:20,157,aimbot_snap,1.0000,N/A
2026-09-05 15:14:20,158,aimbot_snap,1.0000,N/A
2026-09-05 15:14:20,177,aimbot_snap,0.7001,N/A
2026-09-05 15:14:20,178,aimbot_snap,1.0000,N/A
2026-09-05 15:14:20,181,aimbot_snap,1.0000,N/A
2026-09-05 15:14:20,182,aimbot_snap,1.0000,N/A
2026-09-05 15:14:20,184,aimbot_snap,1.0000,N/A
2026-09-05 15:14:20,186,aimbot_snap,1.0000,N/A
2026-09-05 15:14:20,187,aimbot_snap,1.0000,N/A
2026-09-05 15:14:20,188,aimbot_snap,1.0000,N/A
2026-09-05 15:14:20,190,aimbot_snap,1.0000,N/A
2026-09-05 15:14:20,193,aimbot_snap,1.0000,N/A
2026-09-05 15:14:20,210,aimbot_snap,0.8646,N/A
2026-09-05 15:14:20,219,aimbot_snap,1.0000,N/A
2026-09-05 15:14:20,225,aimbot_snap,1.0000,N/A
2026-09-05 15:14:20,228,aimbot_snap,1.0000,N/A
2026-09-05 15:14:20,229,aimbot_snap,1.0000,N/A
2026-09-05 15:14:20,257,aimbot_snap,1.0000,N/A
2026-09-05 15:14:20,258,aimbot_snap,1.0000,N/A
2026-09-05 15:14:20,259,aimbot_snap,1.0000,N/A
2026-09-05 15:14:20,260,aimbot_snap,1.0000,N/A
2026-09-05 15:14:20,262,aimbot_snap,1.0000,N/A
2026-09-05 15:14:20,263,aimbot_snap,1.0000,N/A
2026-09-05 15:14:20,267,aimbot_snap,1.0000,N/A
2026-09-05 15:14:20,268,aimbot_snap,1.0000,N/A
2026-09-05 15:14:20,270,aimbot_snap,1.0000,N/A
2026-09-05 15:14:20,271,aimbot_snap,1.0000,N/A
2026-09-05 15:14:20,273,aimbot_snap,1.0000,N/A
2026-09-05 15:14:20,275,aimbot_snap,1.0000,N/A
2026-09-05 15:14:21,277,aimbot_snap,1.0000,N/A
2026-09-05 15:14:21,279,aimbot_snap,1.0000,N/A
2026-09-05 15:14:21,281,aimbot_snap,1.0000,N/A
2026-09-05 15:14:21,282,aimbot_snap,1.0000,N/A
2026-09-05 15:14:21,284,aimbot_snap,1.0000,N/A
2026-09-05 15:14:21,286,aimbot_snap,1.0000,N/A
2026-09-05 15:14:21,288,aimbot_snap,1.0000,N/A
2026-09-05 15:14:21,290,aimbot_snap,1.0000,N/A
2026-09-05 15:14:21,292,aimbot_snap,1.0000,N/A
2026-09-05 15:14:21,294,aimbot_snap,1.0000,N/A
2026-09-05 15:14:21,296,aimbot_snap,1.0000,N/A
2026-09-05 15:14:21,298,aimbot_snap,1.0000,N/A
2026-09-05 15:14:21,300,aimbot_snap,1.0000,N/A
2026-09-05 15:14:21,302,aimbot_snap,1.0000,N/A
2026-09-05 15:14:21,303,aimbot_snap,1.0000,N/A
2026-09-05 15:14:21,305,aimbot_snap,1.0000,N/A
2026-09-05 15:14:21,306,aimbot_snap,1.0000,N/A
2026-09-05 15:14:21,308,aimbot_snap,1.0000,N/A
2026-09-05 15:14:21,310,aimbot_snap,1.0000,N/A
2026-09-05 15:14:21,313,aimbot_snap,1.0000,N/A
2026-09-05 15:14:21,315,aimbot_snap,1.0000,N/A
2026-09-05 15:14:21,318,aimbot_snap,1.0000,N/A
2026-09-05 15:14:21,320,aimbot_snap,1.0000,N/A
2026-09-05 15:14:21,322,aimbot_snap,1.0000,N/A
2026-09-05 15:14:21,324,aimbot_snap,1.0000,N/A
2026-09-05 15:14:21,326,aimbot_snap,1.0000,N/A
2026-09-05 15:14:21,328,aimbot_snap,1.0000,N/A
2026-09-05 15:14:21,330,aimbot_snap,1.0000,N/A
2026-09-05 15:14:21,333,aimbot_snap,1.0000,N/A
2026-09-05 15:14:21,336,aimbot_snap,1.0000,N/A
2026-09-05 15:14:21,338,aimbot_snap,1.0000,N/A
2026-09-05 15:14:21,340,aimbot_snap,1.0000,N/A
2026-09-05 15:14:21,342,aimbot_snap,1.0000,N/A
2026-09-05 15:14:21,345,aimbot_snap,1.0000,N/A
2026-09-05 15:14:21,347,aimbot_snap,1.0000,N/A
2026-09-05 15:14:21,348,aimbot_snap,1.0000,N/A
2026-09-05 15:14:21,350,aimbot_snap,1.0000,N/A
2026-09-05 15:14:21,353,aimbot_snap,1.0000,N/A
2026-09-05 15:14:21,355,aimbot_snap,1.0000,N/A
2026-09-05 15:14:21,357,aimbot_snap,1.0000,N/A
2026-09-05 15:14:21,358,aimbot_snap,1.0000,N/A
2026-09-05 15:14:21,360,aimbot_snap,1.0000,N/A
2026-09-05 15:14:21,362,aimbot_snap,1.0000,N/A
2026-09-05 15:14:21,363,aimbot_snap,1.0000,N/A
2026-09-05 15:14:21,365,aimbot_snap,1.0000,N/A
2026-09-05 15:14:21,367,aimbot_snap,1.0000,N/A
2026-09-05 15:14:21,368,aimbot_snap,1.0000,N/A
2026-09-05 15:14:21,370,aimbot_snap,1.0000,N/A
2026-09-05 15:14:21,372,aimbot_snap,1.0000,N/A
2026-09-05 15:14:21,373,aimbot_snap,1.0000,N/A
2026-09-05 15:14:21,375,aimbot_snap,1.0000,N/A
2026-09-05 15:14:21,377,aimbot_snap,1.0000,N/A
2026-09-05 15:14:21,378,aimbot_snap,1.0000,N/A
2026-09-05 15:14:21,380,aimbot_snap,1.0000,N/A
2026-09-05 15:14:21,382,aimbot_snap,1.0000,N/A
2026-09-05 15:14:21,385,aimbot_snap,1.0000,N/A
2026-09-05 15:14:21,387,aimbot_snap,1.0000,N/A
2026-09-05 15:14:21,389,aimbot_snap,1.0000,N/A
2026-09-05 15:14:21,392,aimbot_snap,1.0000,N/A
2026-09-05 15:14:21,394,aimbot_snap,1.0000,N/A
2026-09-05 15:14:21,397,aimbot_snap,1.0000,N/A
2026-09-05 15:14:21,399,aimbot_snap,1.0000,N/A
2026-09-05 15:14:21,401,aimbot_snap,1.0000,N/A
2026-09-05 15:14:21,404,aimbot_snap,1.0000,N/A
2026-09-05 15:14:21,406,aimbot_snap,1.0000,N/A
2026-09-05 15:14:21,408,aimbot_snap,1.0000,N/A
2026-09-05 15:14:21,410,aimbot_snap,1.0000,N/A
2026-09-05 15:14:21,413,aimbot_snap,1.0000,N/A
2026-09-05 15:14:21,415,aimbot_snap,1.0000,N/A
2026-09-05 15:14:21,416,aimbot_snap,1.0000,N/A
2026-09-05 15:14:21,418,aimbot_snap,1.0000,N/A
2026-09-05 15:14:21,420,aimbot_snap,1.0000,N/A
2026-09-05 15:14:21,421,aimbot_snap,1.0000,N/A
2026-09-05 15:14:21,423,aimbot_snap,1.0000,N/A
2026-09-05 15:14:21,424,aimbot_snap,1.0000,N/A
2026-09-05 15:14:21,426,aimbot_snap,1.0000,N/A
2026-09-05 15:14:21,428,aimbot_snap,1.0000,N/A
2026-09-05 15:14:21,430,aimbot_snap,1.0000,N/A
2026-09-05 15:14:21,433,aimbot_snap,1.0000,N/A
2026-09-05 15:14:21,435,aimbot_snap,1.0000,N/A
2026-09-05 15:14:21,437,aimbot_snap,1.0000,N/A
2026-09-05 15:14:21,440,aimbot_snap,1.0000,N/A
2026-09-05 15:14:21,442,aimbot_snap,1.0000,N/A
2026-09-05 15:14:21,444,aimbot_snap,1.0000,N/A
2026-09-05 15:14:21,446,aimbot_snap,1.0000,N/A
2026-09-05 15:14:21,448,aimbot_snap,1.0000,N/A
2026-09-05 15:14:21,450,aimbot_snap,1.0000,N/A
2026-09-05 15:14:21,451,aimbot_snap,1.0000,N/A
2026-09-05 15:14:21,453,aimbot_snap,1.0000,N/A
2026-09-05 15:14:21,454,aimbot_snap,1.0000,N/A
2026-09-05 15:14:22,456,aimbot_snap,1.0000,N/A
2026-09-05 15:14:22,458,aimbot_snap,1.0000,N/A
2026-09-05 15:14:22,460,aimbot_snap,1.0000,N/A
2026-09-05 15:14:22,462,aimbot_snap,1.0000,N/A
2026-09-05 15:14:22,463,aimbot_snap,1.0000,N/A
2026-09-05 15:14:22,465,aimbot_snap,1.0000,N/A
2026-09-05 15:14:22,467,aimbot_snap,1.0000,N/A
2026-09-05 15:14:22,469,aimbot_snap,1.0000,N/A
2026-09-05 15:14:22,470,aimbot_snap,1.0000,N/A
2026-09-05 15:14:22,472,aimbot_snap,1.0000,N/A
2026-09-05 15:14:22,473,aimbot_snap,1.0000,N/A
2026-09-05 15:14:22,475,aimbot_snap,1.0000,N/A
2026-09-05 15:14:22,477,aimbot_snap,1.0000,N/A
2026-09-05 15:14:22,480,aimbot_snap,1.0000,N/A
2026-09-05 15:14:22,482,aimbot_snap,1.0000,N/A
2026-09-05 15:14:22,484,aimbot_snap,1.0000,N/A
2026-09-05 15:14:22,487,aimbot_snap,1.0000,N/A
2026-09-05 15:14:22,489,aimbot_snap,1.0000,N/A
2026-09-05 15:14:22,491,aimbot_snap,1.0000,N/A
2026-09-05 15:14:22,493,aimbot_snap,1.0000,N/A
2026-09-05 15:14:22,494,aimbot_snap,1.0000,N/A
2026-09-05 15:14:22,496,aimbot_snap,1.0000,N/A
2026-09-05 15:14:22,498,aimbot_snap,1.0000,N/A
2026-09-05 15:14:22,501,aimbot_snap,1.0000,N/A
2026-09-05 15:14:22,503,aimbot_snap,1.0000,N/A
2026-09-05 15:14:22,504,aimbot_snap,1.0000,N/A
2026-09-05 15:14:22,506,aimbot_snap,1.0000,N/A
2026-09-05 15:14:22,508,aimbot_snap,1.0000,N/A
2026-09-05 15:14:22,511,aimbot_snap,1.0000,N/A
2026-09-05 15:14:22,513,aimbot_snap,1.0000,N/A
2026-09-05 15:14:22,515,aimbot_snap,1.0000,N/A
2026-09-05 15:14:22,516,aimbot_snap,1.0000,N/A
2026-09-05 15:14:22,518,aimbot_snap,1.0000,N/A
2026-09-05 15:14:22,520,aimbot_snap,1.0000,N/A
2026-09-05 15:14:22,523,aimbot_snap,1.0000,N/A
2026-09-05 15:14:22,525,aimbot_snap,1.0000,N/A
2026-09-05 15:14:22,527,aimbot_snap,1.0000,N/A
2026-09-05 15:14:22,530,aimbot_snap,1.0000,N/A
2026-09-05 15:14:22,532,aimbot_snap,1.0000,N/A
2026-09-05 15:14:22,535,aimbot_snap,1.0000,N/A
2026-09-05 15:14:22,537,aimbot_snap,1.0000,N/A
2026-09-05 15:14:22,539,aimbot_snap,1.0000,N/A
2026-09-05 15:14:22,540,aimbot_snap,1.0000,N/A
2026-09-05 15:14:22,542,aimbot_snap,1.0000,N/A
2026-09-05 15:14:22,544,aimbot_snap,1.0000,N/A
2026-09-05 15:14:22,545,aimbot_snap,1.0000,N/A
2026-09-05 15:14:22,547,aimbot_snap,1.0000,N/A
2026-09-05 15:14:22,549,aimbot_snap,1.0000,N/A
2026-09-05 15:14:22,552,aimbot_snap,1.0000,N/A
2026-09-05 15:14:22,554,aimbot_snap,1.0000,N/A
2026-09-05 15:14:22,557,aimbot_snap,1.0000,N/A
2026-09-05 15:14:22,559,aimbot_snap,1.0000,N/A
2026-09-05 15:14:22,561,aimbot_snap,1.0000,N/A
2026-09-05 15:14:22,564,aimbot_snap,1.0000,N/A
2026-09-05 15:14:22,566,aimbot_snap,1.0000,N/A
2026-09-05 15:14:22,568,aimbot_snap,1.0000,N/A
2026-09-05 15:14:22,571,aimbot_snap,1.0000,N/A
2026-09-05 15:14:22,573,aimbot_snap,1.0000,N/A
2026-09-05 15:14:22,575,aimbot_snap,1.0000,N/A
2026-09-05 15:14:22,576,aimbot_snap,1.0000,N/A
2026-09-05 15:14:22,578,aimbot_snap,1.0000,N/A
2026-09-05 15:14:22,580,aimbot_snap,1.0000,N/A
2026-09-05 15:14:22,582,aimbot_snap,1.0000,N/A
2026-09-05 15:14:22,585,aimbot_snap,1.0000,N/A
2026-09-05 15:14:22,587,aimbot_snap,1.0000,N/A
2026-09-05 15:14:22,588,aimbot_snap,1.0000,N/A
2026-09-05 15:14:22,590,aimbot_snap,1.0000,N/A
2026-09-05 15:14:22,592,aimbot_snap,1.0000,N/A
2026-09-05 15:14:22,594,aimbot_snap,1.0000,N/A
2026-09-05 15:14:22,596,aimbot_snap,1.0000,N/A
2026-09-05 15:14:22,597,aimbot_snap,1.0000,N/A
2026-09-05 15:14:22,599,aimbot_snap,1.0000,N/A
2026-09-05 15:14:22,601,aimbot_snap,1.0000,N/A
2026-09-05 15:14:22,604,aimbot_snap,1.0000,N/A
2026-09-05 15:14:22,606,aimbot_snap,1.0000,N/A
2026-09-05 15:14:22,607,aimbot_snap,1.0000,N/A
2026-09-05 15:14:22,609,aimbot_snap,1.0000,N/A
2026-09-05 15:14:22,611,aimbot_snap,1.0000,N/A
2026-09-05 15:14:22,612,aimbot_snap,1.0000,N/A
2026-09-05 15:14:22,614,aimbot_snap,1.0000,N/A
2026-09-05 15:14:22,616,aimbot_snap,1.0000,N/A
2026-09-05 15:14:22,618,aimbot_snap,1.0000,N/A
2026-09-05 15:14:22,620,aimbot_snap,1.0000,N/A
2026-09-05 15:14:22,622,aimbot_snap,1.0000,N/A
2026-09-05 15:14:22,625,aimbot_snap,1.0000,N/A
2026-09-05 15:14:23,627,aimbot_snap,1.0000,N/A
2026-09-05 15:14:23,629,aimbot_snap,1.0000,N/A
2026-09-05 15:14:23,631,aimbot_snap,1.0000,N/A
2026-09-05 15:14:23,632,aimbot_snap,1.0000,N/A
2026-09-05 15:14:23,634,aimbot_snap,1.0000,N/A
2026-09-05 15:14:23,636,aimbot_snap,1.0000,N/A
2026-09-05 15:14:23,637,aimbot_snap,1.0000,N/A
2026-09-05 15:14:23,639,aimbot_snap,1.0000,N/A
2026-09-05 15:14:23,641,aimbot_snap,1.0000,N/A
2026-09-05 15:14:23,643,aimbot_snap,1.0000,N/A
2026-09-05 15:14:23,646,aimbot_snap,1.0000,N/A
2026-09-05 15:14:23,648,aimbot_snap,1.0000,N/A
2026-09-05 15:14:23,650,aimbot_snap,1.0000,N/A
2026-09-05 15:14:23,653,aimbot_snap,1.0000,N/A
2026-09-05 15:14:23,656,aimbot_snap,1.0000,N/A
2026-09-05 15:14:23,658,aimbot_snap,1.0000,N/A
2026-09-05 15:14:23,660,aimbot_snap,1.0000,N/A
2026-09-05 15:14:23,662,aimbot_snap,1.0000,N/A
2026-09-05 15:14:23,664,aimbot_snap,1.0000,N/A
2026-09-05 15:14:23,666,aimbot_snap,1.0000,N/A
2026-09-05 15:14:23,669,aimbot_snap,1.0000,N/A
2026-09-05 15:14:23,671,aimbot_snap,1.0000,N/A
2026-09-05 15:14:23,673,aimbot_snap,1.0000,N/A
2026-09-05 15:14:23,675,aimbot_snap,1.0000,N/A
2026-09-05 15:14:23,677,aimbot_snap,1.0000,N/A
2026-09-05 15:14:23,679,aimbot_snap,1.0000,N/A
2026-09-05 15:14:23,681,aimbot_snap,1.0000,N/A
2026-09-05 15:14:23,684,aimbot_snap,1.0000,N/A
2026-09-05 15:14:23,686,aimbot_snap,1.0000,N/A
2026-09-05 15:14:23,688,aimbot_snap,1.0000,N/A
2026-09-05 15:14:23,691,aimbot_snap,1.0000,N/A
2026-09-05 15:14:23,693,aimbot_snap,1.0000,N/A
2026-09-05 15:14:23,695,aimbot_snap,1.0000,N/A
2026-09-05 15:14:23,698,aimbot_snap,1.0000,N/A
2026-09-05 15:14:23,700,aimbot_snap,1.0000,N/A
2026-09-05 15:14:23,702,aimbot_snap,1.0000,N/A
2026-09-05 15:14:23,705,aimbot_snap,1.0000,N/A
2026-09-05 15:14:23,708,aimbot_snap,1.0000,N/A
2026-09-05 15:14:23,710,aimbot_snap,1.0000,N/A
2026-09-05 15:14:23,712,aimbot_snap,1.0000,N/A
2026-09-05 15:14:23,714,aimbot_snap,1.0000,N/A
2026-09-05 15:14:23,716,aimbot_snap,1.0000,N/A
2026-09-05 15:14:23,718,aimbot_snap,1.0000,N/A
2026-09-05 15:14:23,720,aimbot_snap,1.0000,N/A
2026-09-05 15:14:23,722,aimbot_snap,1.0000,N/A
2026-09-05 15:14:23,724,aimbot_snap,1.0000,N/A
2026-09-05 15:14:23,726,aimbot_snap,1.0000,N/A
2026-09-05 15:14:23,729,aimbot_snap,1.0000,N/A
2026-09-05 15:14:23,731,aimbot_snap,1.0000,N/A
2026-09-05 15:14:23,734,aimbot_snap,1.0000,N/A
2026-09-05 15:14:23,736,aimbot_snap,1.0000,N/A
2026-09-05 15:14:23,739,aimbot_snap,1.0000,N/A
2026-09-05 15:14:24,741,aimbot_snap,1.0000,N/A
2026-09-05 15:14:24,743,aimbot_snap,1.0000,N/A
2026-09-05 15:14:24,745,aimbot_snap,1.0000,N/A
2026-09-05 15:14:24,747,aimbot_snap,1.0000,N/A
2026-09-05 15:14:24,748,aimbot_snap,1.0000,N/A
2026-09-05 15:14:24,750,aimbot_snap,1.0000,N/A
2026-09-05 15:14:24,752,aimbot_snap,1.0000,N/A
2026-09-05 15:14:24,755,aimbot_snap,1.0000,N/A
2026-09-05 15:14:24,756,aimbot_snap,1.0000,N/A
2026-09-05 15:14:24,758,aimbot_snap,1.0000,N/A
2026-09-05 15:14:24,760,aimbot_snap,1.0000,N/A
2026-09-05 15:14:24,763,aimbot_snap,1.0000,N/A
2026-09-05 15:14:24,765,aimbot_snap,1.0000,N/A
2026-09-05 15:14:24,766,aimbot_snap,1.0000,N/A
2026-09-05 15:14:24,768,aimbot_snap,1.0000,N/A
2026-09-05 15:14:24,770,aimbot_snap,1.0000,N/A
2026-09-05 15:14:24,773,aimbot_snap,1.0000,N/A
2026-09-05 15:14:24,775,aimbot_snap,1.0000,N/A
2026-09-05 15:14:24,776,aimbot_snap,1.0000,N/A
2026-09-05 15:14:24,778,aimbot_snap,1.0000,N/A
2026-09-05 15:14:24,780,aimbot_snap,1.0000,N/A
2026-09-05 15:14:24,782,aimbot_snap,1.0000,N/A
2026-09-05 15:14:24,784,aimbot_snap,1.0000,N/A
2026-09-05 15:14:24,787,aimbot_snap,1.0000,N/A
2026-09-05 15:14:24,789,aimbot_snap,1.0000,N/A
2026-09-05 15:14:24,792,aimbot_snap,1.0000,N/A
2026-09-05 15:14:24,795,aimbot_snap,1.0000,N/A
2026-09-05 15:14:24,798,aimbot_snap,1.0000,N/A
2026-09-05 15:14:24,800,aimbot_snap,1.0000,N/A
2026-09-05 15:14:24,802,aimbot_snap,1.0000,N/A
2026-09-05 15:14:24,804,aimbot_snap,1.0000,N/A
2026-09-05 15:14:24,805,aimbot_snap,1.0000,N/A
2026-09-05 15:14:24,807,aimbot_snap,1.0000,N/A
2026-09-05 15:14:24,809,aimbot_snap,1.0000,N/A
2026-09-05 15:14:24,811,aimbot_snap,1.0000,N/A
2026-09-05 15:14:24,812,aimbot_snap,1.0000,N/A
2026-09-05 15:14:24,814,aimbot_snap,1.0000,N/A
2026-09-05 15:14:24,816,aimbot_snap,1.0000,N/A
2026-09-05 15:14:24,819,aimbot_snap,1.0000,N/A
2026-09-05 15:14:24,822,aimbot_snap,1.0000,N/A
2026-09-05 15:14:24,825,aimbot_snap,1.0000,N/A
2026-09-05 15:14:25,826,aimbot_snap,1.0000,N/A
2026-09-05 15:14:25,828,aimbot_snap,1.0000,N/A
2026-09-05 15:14:25,829,aimbot_snap,1.0000,N/A
2026-09-05 15:14:25,831,aimbot_snap,1.0000,N/A
2026-09-05 15:14:25,833,aimbot_snap,1.0000,N/A
2026-09-05 15:14:25,835,aimbot_snap,1.0000,N/A
2026-09-05 15:14:25,837,aimbot_snap,1.0000,N/A
2026-09-05 15:14:25,838,aimbot_snap,1.0000,N/A
2026-09-05 15:14:25,840,aimbot_snap,1.0000,N/A
2026-09-05 15:14:25,842,aimbot_snap,1.0000,N/A
2026-09-05 15:14:25,845,aimbot_snap,1.0000,N/A
2026-09-05 15:14:25,848,aimbot_snap,1.0000,N/A
2026-09-05 15:14:25,851,aimbot_snap,1.0000,N/A
2026-09-05 15:14:25,853,aimbot_snap,1.0000,N/A
2026-09-05 15:14:25,856,aimbot_snap,1.0000,N/A
2026-09-05 15:14:25,859,aimbot_snap,1.0000,N/A
2026-09-05 15:14:25,862,aimbot_snap,1.0000,N/A
2026-09-05 15:14:25,865,aimbot_snap,1.0000,N/A
2026-09-05 15:14:25,867,aimbot_snap,1.0000,N/A
2026-09-05 15:14:25,868,aimbot_snap,1.0000,N/A
2026-09-05 15:14:25,870,aimbot_snap,1.0000,N/A
2026-09-05 15:14:25,872,aimbot_snap,1.0000,N/A
2026-09-05 15:14:25,875,aimbot_snap,1.0000,N/A
2026-09-05 15:14:25,877,aimbot_snap,1.0000,N/A
2026-09-05 15:14:25,880,aimbot_snap,1.0000,N/A
2026-09-05 15:14:25,883,aimbot_snap,1.0000,N/A
2026-09-05 15:14:25,885,aimbot_snap,1.0000,N/A
2026-09-05 15:14:25,888,aimbot_snap,1.0000,N/A
2026-09-05 15:14:25,890,aimbot_snap,1.0000,N/A
2026-09-05 15:14:25,893,aimbot_snap,1.0000,N/A
2026-09-05 15:14:25,895,aimbot_snap,1.0000,N/A
2026-09-05 15:14:25,898,aimbot_snap,1.0000,N/A
2026-09-05 15:14:25,901,aimbot_snap,1.0000,N/A
2026-09-05 15:14:25,903,aimbot_snap,1.0000,N/A
2026-09-05 15:14:25,905,aimbot_snap,1.0000,N/A
2026-09-05 15:14:25,906,aimbot_snap,1.0000,N/A
2026-09-05 15:14:25,908,aimbot_snap,1.0000,N/A
2026-09-05 15:14:25,910,aimbot_snap,1.0000,N/A
2026-09-05 15:14:25,913,aimbot_snap,1.0000,N/A
2026-09-05 15:14:25,915,aimbot_snap,1.0000,N/A
2026-09-05 15:14:25,918,aimbot_snap,1.0000,N/A
2026-09-05 15:14:25,920,aimbot_snap,1.0000,N/A
2026-09-05 15:14:25,923,aimbot_snap,1.0000,N/A
2026-09-05 15:14:25,925,aimbot_snap,1.0000,N/A
2026-09-05 15:14:26,928,aimbot_snap,1.0000,N/A
2026-09-05 15:14:26,930,aimbot_snap,1.0000,N/A
2026-09-05 15:14:26,932,aimbot_snap,1.0000,N/A
2026-09-05 15:14:26,935,aimbot_snap,1.0000,N/A
2026-09-05 15:14:26,938,aimbot_snap,1.0000,N/A
2026-09-05 15:14:26,941,aimbot_snap,1.0000,N/A
2026-09-05 15:14:26,944,aimbot_snap,1.0000,N/A
2026-09-05 15:14:26,946,aimbot_snap,1.0000,N/A
2026-09-05 15:14:26,949,aimbot_snap,1.0000,N/A
2026-09-05 15:14:26,952,aimbot_snap,1.0000,N/A
2026-09-05 15:14:26,955,aimbot_snap,1.0000,N/A
2026-09-05 15:14:26,957,aimbot_snap,1.0000,N/A
2026-09-05 15:14:26,959,aimbot_snap,1.0000,N/A
2026-09-05 15:14:26,962,aimbot_snap,1.0000,N/A
2026-09-05 15:14:26,965,aimbot_snap,1.0000,N/A
2026-09-05 15:14:26,967,aimbot_snap,1.0000,N/A
2026-09-05 15:14:26,970,aimbot_snap,1.0000,N/A
2026-09-05 15:14:26,972,aimbot_snap,1.0000,N/A
2026-09-05 15:14:26,975,aimbot_snap,1.0000,N/A
2026-09-05 15:14:26,978,aimbot_snap,1.0000,N/A
2026-09-05 15:14:26,980,aimbot_snap,1.0000,N/A
2026-09-05 15:14:26,983,aimbot_snap,1.0000,N/A
2026-09-05 15:14:26,985,aimbot_snap,1.0000,N/A
2026-09-05 15:14:26,988,aimbot_snap,1.0000,N/A
2026-09-05 15:14:26,991,aimbot_snap,1.0000,N/A
2026-09-05 15:14:26,993,aimbot_snap,1.0000,N/A
2026-09-05 15:14:26,996,aimbot_snap,1.0000,N/A
2026-09-05 15:14:26,998,aimbot_snap,1.0000,N/A
2026-09-05 15:14:26,1001,aimbot_snap,1.0000,N/A
2026-09-05 15:14:26,1003,aimbot_snap,1.0000,N/A
2026-09-05 15:14:26,1006,aimbot_snap,1.0000,N/A
2026-09-05 15:14:26,1008,aimbot_snap,1.0000,N/A
2026-09-05 15:14:26,1011,aimbot_snap,1.0000,N/A
2026-09-05 15:14:26,1013,aimbot_snap,1.0000,N/A
2026-09-05 15:14:26,1016,aimbot_snap,1.0000,N/A
2026-09-05 15:14:26,1019,aimbot_snap,1.0000,N/A
2026-09-05 15:14:26,1021,aimbot_snap,1.0000,N/A
2026-09-05 15:14:26,1024,aimbot_snap,1.0000,N/A
2026-09-05 15:14:26,1026,aimbot_snap,1.0000,N/A
2026-09-05 15:14:26,1028,aimbot_snap,1.0000,N/A
2026-09-05 15:14:26,1031,aimbot_snap,1.0000,N/A
2026-09-05 15:14:26,1034,aimbot_snap,1.0000,N/A
2026-09-05 15:14:26,1036,aimbot_snap,1.0000,N/A
2026-09-05 15:14:26,1039,aimbot_snap,1.0000,N/A
2026-09-05 15:14:26,1041,aimbot_snap,1.0000,N/A
2026-09-05 15:14:26,1044,aimbot_snap,1.0000,N/A
2026-09-05 15:14:26,1047,aimbot_snap,1.0000,N/A
2026-09-05 15:14:26,1049,aimbot_snap,1.0000,N/A
2026-09-05 15:14:26,1052,aimbot_snap,1.0000,N/A
2026-09-05 15:14:26,1054,aimbot_snap,1.0000,N/A
2026-09-05 15:14:26,1057,aimbot_snap,1.0000,N/A
2026-09-05 15:14:26,1059,aimbot_snap,1.0000,N/A
2026-09-05 15:14:26,1061,aimbot_snap,1.0000,N/A
2026-09-05 15:14:26,1064,aimbot_snap,1.0000,N/A
2026-09-05 15:14:26,1066,aimbot_snap,1.0000,N/A
2026-09-05 15:14:26,1069,aimbot_snap,1.0000,N/A
2026-09-05 15:14:26,1071,aimbot_snap,1.0000,N/A
2026-09-05 15:14:26,1073,aimbot_snap,1.0000,N/A
2026-09-05 15:14:26,1076,aimbot_snap,1.0000,N/A
2026-09-05 15:14:26,1078,aimbot_snap,1.0000,N/A
2026-09-05 15:14:26,1081,aimbot_snap,1.0000,N/A
2026-09-05 15:14:26,1083,aimbot_snap,1.0000,N/A
2026-09-05 15:14:26,1085,aimbot_snap,1.0000,N/A
2026-09-05 15:14:26,1088,aimbot_snap,1.0000,N/A
2026-09-05 15:14:26,1090,aimbot_snap,1.0000,N/A
2026-09-05 15:14:26,1092,aimbot_snap,1.0000,N/A
2026-09-05 15:14:26,1094,aimbot_snap,1.0000,N/A
2026-09-05 15:14:26,1096,aimbot_snap,1.0000,N/A
2026-09-05 15:14:26,1099,aimbot_snap,1.0000,N/A
2026-09-05 15:14:26,1101,aimbot_snap,1.0000,N/A
2026-09-05 15:14:26,1104,aimbot_snap,1.0000,N/A
2026-09-05 15:14:26,1106,aimbot_snap,1.0000,N/A
2026-09-05 15:14:26,1108,aimbot_snap,1.0000,N/A
2026-09-05 15:14:27,1110,aimbot_snap,1.0000,N/A
2026-09-05 15:14:27,1113,aimbot_snap,1.0000,N/A
2026-09-05 15:14:27,1115,aimbot_snap,1.0000,N/A
2026-09-05 15:14:27,1117,aimbot_snap,1.0000,N/A
2026-09-05 15:14:27,1119,aimbot_snap,1.0000,N/A
2026-09-05 15:14:27,1122,aimbot_snap,1.0000,N/A
2026-09-05 15:14:27,1124,aimbot_snap,1.0000,N/A
2026-09-05 15:14:27,1126,aimbot_snap,1.0000,N/A
2026-09-05 15:14:27,1129,aimbot_snap,1.0000,N/A
2026-09-05 15:14:27,1131,aimbot_snap,1.0000,N/A
2026-09-05 15:14:27,1133,aimbot_snap,1.0000,N/A
2026-09-05 15:14:27,1135,aimbot_snap,1.0000,N/A
2026-09-05 15:14:27,1137,aimbot_snap,1.0000,N/A
2026-09-05 15:14:27,1139,aimbot_snap,1.0000,N/A
2026-09-05 15:14:27,1142,aimbot_snap,1.0000,N/A
2026-09-05 15:14:27,1144,aimbot_snap,1.0000,N/A
2026-09-05 15:14:27,1146,aimbot_snap,1.0000,N/A
2026-09-05 15:14:27,1149,aimbot_snap,1.0000,N/A
2026-09-05 15:14:27,1151,aimbot_snap,1.0000,N/A
2026-09-05 15:14:27,1154,aimbot_snap,1.0000,N/A
2026-09-05 15:14:27,1156,aimbot_snap,1.0000,N/A
2026-09-05 15:14:27,1158,aimbot_snap,1.0000,N/A
2026-09-05 15:14:27,1161,aimbot_snap,1.0000,N/A
2026-09-05 15:14:27,1163,aimbot_snap,1.0000,N/A
2026-09-05 15:14:27,1166,aimbot_snap,1.0000,N/A
2026-09-05 15:14:27,1168,aimbot_snap,1.0000,N/A
2026-09-05 15:14:27,1170,aimbot_snap,1.0000,N/A
2026-09-05 15:14:27,1172,aimbot_snap,1.0000,N/A
2026-09-05 15:14:27,1175,aimbot_snap,1.0000,N/A
2026-09-05 15:14:27,1177,aimbot_snap,1.0000,N/A
2026-09-05 15:14:27,1179,aimbot_snap,1.0000,N/A
2026-09-05 15:14:27,1181,aimbot_snap,1.0000,N/A
2026-09-05 15:14:27,1184,aimbot_snap,1.0000,N/A
2026-09-05 15:14:27,1186,aimbot_snap,1.0000,N/A
2026-09-05 15:14:27,1189,aimbot_snap,1.0000,N/A
2026-09-05 15:14:27,1191,aimbot_snap,1.0000,N/A
2026-09-05 15:14:27,1193,aimbot_snap,1.0000,N/A
2026-09-05 15:14:27,1196,aimbot_snap,1.0000,N/A
2026-09-05 15:14:27,1198,aimbot_snap,1.0000,N/A
2026-09-05 15:14:27,1200,aimbot_snap,1.0000,N/A
2026-09-05 15:14:27,1202,aimbot_snap,0.9375,N/A
2026-09-05 15:14:27,1203,aimbot_snap,1.0000,N/A
2026-09-05 15:14:27,1560,aimbot_snap,1.0000,N/A
2026-09-05 15:14:27,1561,aimbot_snap,0.7441,N/A
2026-09-05 15:14:27,1563,aimbot_snap,1.0000,N/A
2026-09-05 15:14:27,1564,aimbot_snap,0.9513,N/A
2026-09-05 15:14:27,1565,aimbot_snap,1.0000,N/A
2026-09-05 15:14:27,1566,aimbot_snap,1.0000,N/A
2026-09-05 15:14:27,1593,aimbot_snap,1.0000,N/A
